,LP,LD1,LD2,RP,RD1,RD2
x,"[None, None]","[-2.7537484247053268e-06, -1.3255240183973616e-05]","[None, None]","[None, None]","[-1.6438028564741414e-05, -0.00011975943345138296]","[None, None]"
y,"[None, None]","[1.37764086549641e-06, -0.00011639412160102669]","[None, None]","[None, None]","[1.0605733040125465e-06, 0.0002388188801304425]","[None, None]"
z,"[None, None]","[4.929882745363656e-07, -1.226541642823653e-05]","[None, None]","[None, None]","[-4.213378890505215e-06, 8.09891223934045e-05]","[None, None]"
