,LP,LD1,LD2,RP,RD1,RD2
x,[7.876825545070712e-06],[5.607928088529375e-06],[None],[-7.752467084755552e-07],[1.6602339708630754e-05],[None]
y,[4.199191160704695e-06],[-5.519363907421518e-06],[None],[1.2828021367808759e-05],[-1.1662306244132813e-05],[None]
z,[-5.977950632860393e-06],[1.8728261196032658e-06],[None],[-3.164044185902897e-05],[6.967275520824989e-06],[None]
